boosthybrid.com.au,DOWN
new.devon.gov.uk,185.119.173.112
plastidip.com.ar,23.111.137.154
zervicethai.co.th,DOWN
globedivers.wordpress.com,192.0.78.13
surespark.org.uk,155.133.142.6
wien-mitte.co.at,136.243.147.81
sexandfessenjoon.wordpress.com,192.0.78.12
wari.com.pe,216.245.221.34
creative-waves.co.uk,DOWN
teczowadolina.bytom.pl,79.96.82.110
toponlinecasinosuk.co.uk,172.67.160.188
parking.netgateway.eu,91.210.226.176
andersongilmour.co.uk,185.107.227.241
rota-installations.co.uk,89.145.65.235
smart-light.co.uk,35.214.57.100
milltimber.aberdeen.sch.uk,80.76.118.1
alvinschwartz.wordpress.com,192.0.78.12
katiekerr.co.uk,141.0.165.186
transliminaltribe.wordpress.com,192.0.78.13
smejump.co.th,45.32.127.79
newstap.com.ng,172.67.211.205
trulynolen.co.uk,77.72.5.145
dnepr-beskid.com.ua,172.67.199.142
argos.wityu.fund,51.91.16.160
ceres.org.au,13.54.108.108
you-bysia.com.au,116.90.53.15
kaliber.co.jp,219.94.162.151
pubweb.carnet.hr,193.198.184.106
tradiematepro.com.au,167.71.204.142
myhealth.net.au,206.189.37.221
bunburyfreightservices.com.au,209.59.182.36
c-a.co.in,96.125.178.140
lynsayshepherd.co.uk,199.250.197.4
lukeshepley.wordpress.com,192.0.78.12
forestlakeuca.org.au,103.27.35.113
ncid.bc.ca,104.21.16.217
victoriousfestival.co.uk,52.16.215.51
kidbucketlist.com.au,162.241.217.210
ouryoungminds.wordpress.com,192.0.78.13
smhydro.com.pl,89.161.222.203
easytrans.com.au,103.18.109.168
smalltownideamill.wordpress.com,192.0.78.13
croftprecision.co.uk,5.134.9.33
d2marketing.co.uk,82.163.20.23
ausair.com.au,116.90.61.204
kadesignandbuild.co.uk,104.21.60.179
pasivect.co.uk,81.95.52.65
atozdistribution.co.uk,99.83.154.118
crowd-patch.co.uk,DOWN
classycurtainsltd.co.uk,77.72.0.194
epwritescom.wordpress.com,192.0.78.12
cwsitservices.co.uk,35.214.77.27
johnsonfamilyfarmblog.wordpress.com,192.0.78.12
wsoil.com.sg,128.199.156.29
theshungiteexperience.com.au,192.185.146.139
dramagickcom.wordpress.com,192.0.78.12
hiddencitysecrets.com.au,103.42.111.213
kmbshipping.co.uk,85.119.82.125
aniblinova.wordpress.com,192.0.78.12
bundabergeyeclinic.com.au,27.50.84.203
leather-factory.co.jp,133.18.34.103
ymca-cw.org.uk,52.31.255.9
serce.info.pl,85.232.241.218
ralister.co.uk,88.208.222.39
delchacay.com.ar,172.67.193.147
simpkinsedwards.co.uk,185.59.63.16
hotelsolbh.com.br,DOWN
nicoleaeschbachorg.wordpress.com,192.0.78.12
ausbeverage.com.au,104.26.3.7
lapmangfpt.info.vn,DOWN
rostoncastings.co.uk,185.151.30.130
leda-ukraine.com.ua,DOWN
ventti.com.ar,52.200.197.31
twohourswithlena.wordpress.com,192.0.78.12
darnallwellbeing.org.uk,188.166.157.114
web.ion.ag,188.68.56.212
beyondmarcomdotcom.wordpress.com,192.0.78.13
ftf.or.at,143.205.173.125
1kbk.com.ua,185.68.16.39
waveneyrivercentre.co.uk,104.21.79.102
kisplanning.com.au,202.177.212.208
aglend.com.au,103.227.176.11
www1.proresult.no,193.69.47.76
cimanchesterescorts.co.uk,104.21.0.184
bayoga.co.uk,46.30.215.224
argenblogs.com.ar,108.160.150.200
neuschelectrical.co.za,196.22.240.134
bristolaeroclub.co.uk,172.67.191.116
meusharklinithome.wordpress.com,192.0.78.12
copystar.co.uk,DOWN
bowengroup.com.au,172.67.69.204
ceid.info.tr,DOWN
glennroberts.co.nz,223.165.66.131
richard-felix.co.uk,77.72.0.146
harpershologram.wordpress.com,192.0.78.12
blog.solutionsarchitect.guru,DOWN
hairnetty.wordpress.com,192.0.78.13
vesinhnha.com.vn,103.74.118.108
havecamerawilltravel2017.wordpress.com,192.0.78.13
mardenherefordshire-pc.gov.uk,213.175.196.2
grupocarvalhoerodrigues.com.br,DOWN
321play.com.hk,123.176.96.19
funjose.org.gt,35.208.108.198
6a57jk2ba1d9keg15cbg.appsync-api.eu-west-1.avsvmcloud.com,62.212.82.215
7sbvaemscs0mc925tb99.appsync-api.us-west-2.avsvmcloud.com,178.162.217.109
gq1h856599gqh538acqn.appsync-api.us-west-2.avsvmcloud.com,178.162.217.109
ihvpgv9psvq02ffo77et.appsync-api.us-east-2.avsvmcloud.com,178.162.217.109
k5kcubuassl3alrf7gm3.appsync-api.eu-west-1.avsvmcloud.com,20.140.0.1
mhdosoksaccf9sni9icp.appsync-api.eu-west-1.avsvmcloud.com,20.140.0.1
afghphae.gotdns.ch,DOWN
panarmjsdrew.gotdns.ch,DOWN
